Model,RMSE,MAE,R2
RandomForestRegressor,3.583032964324776,2.8436134825348587,0.8592670738576229
LinearRegression,3.8286417774705837,3.118763345373484,0.8393119508640915
Ridge,3.8286417972411524,3.118763372563836,0.8393119492045504
