,temperature_C,pressure_mTorr,gas_flow_sccm,rf_power_W,deposition_time_s,chamber_humidity,yield_percent
temperature_C,1.0,-0.0011561175410889969,0.012820999755829801,0.007840403287559732,0.009916009534482878,-0.013393127693838543,-0.28566682452276027
pressure_mTorr,-0.0011561175410889969,1.0,-0.0013809918733934297,0.003948786873365488,0.006365060960761526,0.0021150837968687596,-0.4389495594323297
gas_flow_sccm,0.012820999755829801,-0.0013809918733934297,1.0,-0.0062605705705326906,0.0025797637778765645,-0.005797641876233086,0.25321184601366475
rf_power_W,0.007840403287559732,0.003948786873365488,-0.0062605705705326906,1.0,0.01551497146296971,-0.0071973251532876596,0.24774827139039163
deposition_time_s,0.009916009534482878,0.006365060960761526,0.0025797637778765645,0.01551497146296971,1.0,-0.02615002315788017,-0.644099979226039
chamber_humidity,-0.013393127693838543,0.0021150837968687596,-0.005797641876233086,-0.0071973251532876596,-0.02615002315788017,1.0,-0.08900810077750768
yield_percent,-0.28566682452276027,-0.4389495594323297,0.25321184601366475,0.24774827139039163,-0.644099979226039,-0.08900810077750768,1.0
