Feature,Importance,Std
chamber_humidity,0.027076423168182373,0.003384449875875798
rf_power_W,0.12224317193031312,0.005884016184388152
gas_flow_sccm,0.14503549933433532,0.007450105783899354
temperature_C,0.18569396138191224,0.008022543018211122
pressure_mTorr,0.3741947293281555,0.013060791155589776
deposition_time_s,0.8804766178131104,0.025727596233722196
